Summary Level,State Code (FIPS),County Code (FIPS),County Subdivision Code (FIPS),Place Code (FIPS),Consolidtated City Code (FIPS),Area Name (including legal/statistical area description)
040,08,000,00000,00000,00000,Colorado
050,08,001,00000,00000,00000,Adams County
050,08,003,00000,00000,00000,Alamosa County
050,08,005,00000,00000,00000,Arapahoe County
050,08,007,00000,00000,00000,Archuleta County
050,08,009,00000,00000,00000,Baca County
050,08,011,00000,00000,00000,Bent County
050,08,013,00000,00000,00000,Boulder County
050,08,014,00000,00000,00000,Broomfield County
050,08,015,00000,00000,00000,Chaffee County
050,08,017,00000,00000,00000,Cheyenne County
050,08,019,00000,00000,00000,Clear Creek County
050,08,021,00000,00000,00000,Conejos County
050,08,023,00000,00000,00000,Costilla County
050,08,025,00000,00000,00000,Crowley County
050,08,027,00000,00000,00000,Custer County
050,08,029,00000,00000,00000,Delta County
050,08,031,00000,00000,00000,Denver County
050,08,033,00000,00000,00000,Dolores County
050,08,035,00000,00000,00000,Douglas County
050,08,037,00000,00000,00000,Eagle County
050,08,039,00000,00000,00000,Elbert County
050,08,041,00000,00000,00000,El Paso County
050,08,043,00000,00000,00000,Fremont County
050,08,045,00000,00000,00000,Garfield County
050,08,047,00000,00000,00000,Gilpin County
050,08,049,00000,00000,00000,Grand County
050,08,051,00000,00000,00000,Gunnison County
050,08,053,00000,00000,00000,Hinsdale County
050,08,055,00000,00000,00000,Huerfano County
050,08,057,00000,00000,00000,Jackson County
050,08,059,00000,00000,00000,Jefferson County
050,08,061,00000,00000,00000,Kiowa County
050,08,063,00000,00000,00000,Kit Carson County
050,08,065,00000,00000,00000,Lake County
050,08,067,00000,00000,00000,La Plata County
050,08,069,00000,00000,00000,Larimer County
050,08,071,00000,00000,00000,Las Animas County
050,08,073,00000,00000,00000,Lincoln County
050,08,075,00000,00000,00000,Logan County
050,08,077,00000,00000,00000,Mesa County
050,08,079,00000,00000,00000,Mineral County
050,08,081,00000,00000,00000,Moffat County
050,08,083,00000,00000,00000,Montezuma County
050,08,085,00000,00000,00000,Montrose County
050,08,087,00000,00000,00000,Morgan County
050,08,089,00000,00000,00000,Otero County
050,08,091,00000,00000,00000,Ouray County
050,08,093,00000,00000,00000,Park County
050,08,095,00000,00000,00000,Phillips County
050,08,097,00000,00000,00000,Pitkin County
050,08,099,00000,00000,00000,Prowers County
050,08,101,00000,00000,00000,Pueblo County
050,08,103,00000,00000,00000,Rio Blanco County
050,08,105,00000,00000,00000,Rio Grande County
050,08,107,00000,00000,00000,Routt County
050,08,109,00000,00000,00000,Saguache County
050,08,111,00000,00000,00000,San Juan County
050,08,113,00000,00000,00000,San Miguel County
050,08,115,00000,00000,00000,Sedgwick County
050,08,117,00000,00000,00000,Summit County
050,08,119,00000,00000,00000,Teller County
050,08,121,00000,00000,00000,Washington County
050,08,123,00000,00000,00000,Weld County
050,08,125,00000,00000,00000,Yuma County
162,08,000,00000,00760,00000,Aguilar town
162,08,000,00000,00925,00000,Akron town
162,08,000,00000,01090,00000,Alamosa city
162,08,000,00000,01530,00000,Alma town
162,08,000,00000,02355,00000,Antonito town
162,08,000,00000,03235,00000,Arriba town
162,08,000,00000,03455,00000,Arvada city
162,08,000,00000,03620,00000,Aspen city
162,08,000,00000,03950,00000,Ault town
162,08,000,00000,04000,00000,Aurora city
162,08,000,00000,04110,00000,Avon town
162,08,000,00000,04935,00000,Basalt town
162,08,000,00000,05265,00000,Bayfield town
162,08,000,00000,06090,00000,Bennett town
162,08,000,00000,06255,00000,Berthoud town
162,08,000,00000,06530,00000,Bethune town
162,08,000,00000,07025,00000,Black Hawk city
162,08,000,00000,07190,00000,Blanca town
162,08,000,00000,07410,00000,Blue River town
162,08,000,00000,07571,00000,Bonanza town
162,08,000,00000,07795,00000,Boone town
162,08,000,00000,07850,00000,Boulder city
162,08,000,00000,08070,00000,Bow Mar town
162,08,000,00000,08345,00000,Branson town
162,08,000,00000,08400,00000,Breckenridge town
162,08,000,00000,08675,00000,Brighton city
162,08,000,00000,09115,00000,Brookside town
162,08,000,00000,09280,00000,Broomfield city
162,08,000,00000,09555,00000,Brush city
162,08,000,00000,10105,00000,Buena Vista town
162,08,000,00000,10600,00000,Burlington city
162,08,000,00000,11260,00000,Calhan town
162,08,000,00000,11645,00000,Campo town
162,08,000,00000,11810,00000,Cañon City city
162,08,000,00000,12045,00000,Carbondale town
162,08,000,00000,12387,00000,Castle Pines city
162,08,000,00000,12415,00000,Castle Rock town
162,08,000,00000,12635,00000,Cedaredge town
162,08,000,00000,12815,00000,Centennial city
162,08,000,00000,12855,00000,Center town
162,08,000,00000,12910,00000,Central City city
162,08,000,00000,13460,00000,Cheraw town
162,08,000,00000,13845,00000,Cherry Hills Village city
162,08,000,00000,14175,00000,Cheyenne Wells town
162,08,000,00000,14765,00000,City of Creede town
162,08,000,00000,15330,00000,Coal Creek town
162,08,000,00000,15550,00000,Cokedale town
162,08,000,00000,15605,00000,Collbran town
162,08,000,00000,16000,00000,Colorado Springs city
162,08,000,00000,16385,00000,Columbine Valley town
162,08,000,00000,16495,00000,Commerce City city
162,08,000,00000,17375,00000,Cortez city
162,08,000,00000,17760,00000,Craig city
162,08,000,00000,17925,00000,Crawford town
162,08,000,00000,18310,00000,Crested Butte town
162,08,000,00000,18420,00000,Crestone town
162,08,000,00000,18530,00000,Cripple Creek city
162,08,000,00000,18640,00000,Crook town
162,08,000,00000,18750,00000,Crowley town
162,08,000,00000,19080,00000,Dacono city
162,08,000,00000,19355,00000,De Beque town
162,08,000,00000,19630,00000,Deer Trail town
162,08,000,00000,19795,00000,Del Norte town
162,08,000,00000,19850,00000,Delta city
162,08,000,00000,20000,00000,Denver city
162,08,000,00000,20440,00000,Dillon town
162,08,000,00000,20495,00000,Dinosaur town
162,08,000,00000,20770,00000,Dolores town
162,08,000,00000,21265,00000,Dove Creek town
162,08,000,00000,22035,00000,Durango city
162,08,000,00000,22145,00000,Eads town
162,08,000,00000,22200,00000,Eagle town
162,08,000,00000,22860,00000,Eaton town
162,08,000,00000,23025,00000,Eckley town
162,08,000,00000,23135,00000,Edgewater city
162,08,000,00000,23740,00000,Elizabeth town
162,08,000,00000,24620,00000,Empire town
162,08,000,00000,24785,00000,Englewood city
162,08,000,00000,24950,00000,Erie town
162,08,000,00000,25115,00000,Estes Park town
162,08,000,00000,25280,00000,Evans city
162,08,000,00000,25610,00000,Fairplay town
162,08,000,00000,26270,00000,Federal Heights city
162,08,000,00000,26600,00000,Firestone town
162,08,000,00000,26765,00000,Flagler town
162,08,000,00000,26875,00000,Fleming town
162,08,000,00000,27040,00000,Florence city
162,08,000,00000,27425,00000,Fort Collins city
162,08,000,00000,27700,00000,Fort Lupton city
162,08,000,00000,27810,00000,Fort Morgan city
162,08,000,00000,27865,00000,Fountain city
162,08,000,00000,27975,00000,Fowler town
162,08,000,00000,28105,00000,Foxfield town
162,08,000,00000,28305,00000,Fraser town
162,08,000,00000,28360,00000,Frederick town
162,08,000,00000,28690,00000,Frisco town
162,08,000,00000,28745,00000,Fruita city
162,08,000,00000,29185,00000,Garden City town
162,08,000,00000,29680,00000,Genoa town
162,08,000,00000,29735,00000,Georgetown town
162,08,000,00000,29955,00000,Gilcrest town
162,08,000,00000,30340,00000,Glendale city
162,08,000,00000,30780,00000,Glenwood Springs city
162,08,000,00000,30835,00000,Golden city
162,08,000,00000,31550,00000,Granada town
162,08,000,00000,31605,00000,Granby town
162,08,000,00000,31660,00000,Grand Junction city
162,08,000,00000,31715,00000,Grand Lake town
162,08,000,00000,32155,00000,Greeley city
162,08,000,00000,32650,00000,Green Mountain Falls town
162,08,000,00000,33035,00000,Greenwood Village city
162,08,000,00000,33310,00000,Grover town
162,08,000,00000,33640,00000,Gunnison city
162,08,000,00000,33695,00000,Gypsum town
162,08,000,00000,34520,00000,Hartman town
162,08,000,00000,34740,00000,Haswell town
162,08,000,00000,34960,00000,Haxtun town
162,08,000,00000,35070,00000,Hayden town
162,08,000,00000,36610,00000,Hillrose town
162,08,000,00000,37215,00000,Holly town
162,08,000,00000,37270,00000,Holyoke city
162,08,000,00000,37380,00000,Hooper town
162,08,000,00000,37545,00000,Hotchkiss town
162,08,000,00000,37600,00000,Hot Sulphur Springs town
162,08,000,00000,37820,00000,Hudson town
162,08,000,00000,37875,00000,Hugo town
162,08,000,00000,38370,00000,Idaho Springs city
162,08,000,00000,38535,00000,Ignacio town
162,08,000,00000,38590,00000,Iliff town
162,08,000,00000,39195,00000,Jamestown town
162,08,000,00000,39855,00000,Johnstown town
162,08,000,00000,39965,00000,Julesburg town
162,08,000,00000,40185,00000,Keenesburg town
162,08,000,00000,40515,00000,Kersey town
162,08,000,00000,40570,00000,Kim town
162,08,000,00000,40790,00000,Kiowa town
162,08,000,00000,41010,00000,Kit Carson town
162,08,000,00000,41560,00000,Kremmling town
162,08,000,00000,41835,00000,Lafayette city
162,08,000,00000,42055,00000,La Jara town
162,08,000,00000,42110,00000,La Junta city
162,08,000,00000,42330,00000,Lake City town
162,08,000,00000,42495,00000,Lakeside town
162,08,000,00000,43000,00000,Lakewood city
162,08,000,00000,43110,00000,Lamar city
162,08,000,00000,43550,00000,Larkspur town
162,08,000,00000,43605,00000,La Salle town
162,08,000,00000,43660,00000,Las Animas city
162,08,000,00000,44100,00000,La Veta town
162,08,000,00000,44320,00000,Leadville city
162,08,000,00000,44980,00000,Limon town
162,08,000,00000,45255,00000,Littleton city
162,08,000,00000,45530,00000,Lochbuie town
162,08,000,00000,45695,00000,Log Lane Village town
162,08,000,00000,45955,00000,Lone Tree city
162,08,000,00000,45970,00000,Longmont city
162,08,000,00000,46355,00000,Louisville city
162,08,000,00000,46465,00000,Loveland city
162,08,000,00000,47070,00000,Lyons town
162,08,000,00000,48060,00000,Manassa town
162,08,000,00000,48115,00000,Mancos town
162,08,000,00000,48445,00000,Manitou Springs city
162,08,000,00000,48500,00000,Manzanola town
162,08,000,00000,48555,00000,Marble town
162,08,000,00000,49600,00000,Mead town
162,08,000,00000,49875,00000,Meeker town
162,08,000,00000,50040,00000,Merino town
162,08,000,00000,50480,00000,Milliken town
162,08,000,00000,50920,00000,Minturn town
162,08,000,00000,51250,00000,Moffat town
162,08,000,00000,51635,00000,Monte Vista city
162,08,000,00000,51690,00000,Montezuma town
162,08,000,00000,51745,00000,Montrose city
162,08,000,00000,51800,00000,Monument town
162,08,000,00000,52075,00000,Morrison town
162,08,000,00000,52350,00000,Mountain View town
162,08,000,00000,52550,00000,Mountain Village town
162,08,000,00000,52570,00000,Mount Crested Butte town
162,08,000,00000,53120,00000,Naturita town
162,08,000,00000,53175,00000,Nederland town
162,08,000,00000,53395,00000,New Castle town
162,08,000,00000,54330,00000,Northglenn city
162,08,000,00000,54880,00000,Norwood town
162,08,000,00000,54935,00000,Nucla town
162,08,000,00000,55045,00000,Nunn town
162,08,000,00000,55155,00000,Oak Creek town
162,08,000,00000,55540,00000,Olathe town
162,08,000,00000,55705,00000,Olney Springs town
162,08,000,00000,55870,00000,Ophir town
162,08,000,00000,55980,00000,Orchard City town
162,08,000,00000,56145,00000,Ordway town
162,08,000,00000,56365,00000,Otis town
162,08,000,00000,56420,00000,Ouray city
162,08,000,00000,56475,00000,Ovid town
162,08,000,00000,56860,00000,Pagosa Springs town
162,08,000,00000,56970,00000,Palisade town
162,08,000,00000,57025,00000,Palmer Lake town
162,08,000,00000,57245,00000,Paoli town
162,08,000,00000,57300,00000,Paonia town
162,08,000,00000,57400,00000,Parachute town
162,08,000,00000,57630,00000,Parker town
162,08,000,00000,58235,00000,Peetz town
162,08,000,00000,59005,00000,Pierce town
162,08,000,00000,59830,00000,Pitkin town
162,08,000,00000,60160,00000,Platteville town
162,08,000,00000,60600,00000,Poncha Springs town
162,08,000,00000,61315,00000,Pritchett town
162,08,000,00000,62000,00000,Pueblo city
162,08,000,00000,62660,00000,Ramah town
162,08,000,00000,62880,00000,Rangely town
162,08,000,00000,63045,00000,Raymer (New Raymer) town
162,08,000,00000,63265,00000,Red Cliff town
162,08,000,00000,64090,00000,Rico town
162,08,000,00000,64200,00000,Ridgway town
162,08,000,00000,64255,00000,Rifle city
162,08,000,00000,64970,00000,Rockvale town
162,08,000,00000,65190,00000,Rocky Ford city
162,08,000,00000,65740,00000,Romeo town
162,08,000,00000,66895,00000,Rye town
162,08,000,00000,67005,00000,Saguache town
162,08,000,00000,67280,00000,Salida city
162,08,000,00000,67830,00000,Sanford town
162,08,000,00000,68105,00000,San Luis town
162,08,000,00000,68655,00000,Sawpit town
162,08,000,00000,68930,00000,Sedgwick town
162,08,000,00000,69040,00000,Seibert town
162,08,000,00000,69150,00000,Severance town
162,08,000,00000,69645,00000,Sheridan city
162,08,000,00000,69700,00000,Sheridan Lake town
162,08,000,00000,70195,00000,Silt town
162,08,000,00000,70250,00000,Silver Cliff town
162,08,000,00000,70360,00000,Silver Plume town
162,08,000,00000,70525,00000,Silverthorne town
162,08,000,00000,70580,00000,Silverton town
162,08,000,00000,70635,00000,Simla town
162,08,000,00000,71755,00000,Snowmass Village town
162,08,000,00000,72395,00000,South Fork town
162,08,000,00000,73330,00000,Springfield town
162,08,000,00000,73715,00000,Starkville town
162,08,000,00000,73825,00000,Steamboat Springs city
162,08,000,00000,73935,00000,Sterling city
162,08,000,00000,74485,00000,Stratton town
162,08,000,00000,74815,00000,Sugar City town
162,08,000,00000,75640,00000,Superior town
162,08,000,00000,75970,00000,Swink town
162,08,000,00000,76795,00000,Telluride town
162,08,000,00000,77290,00000,Thornton city
162,08,000,00000,77510,00000,Timnath town
162,08,000,00000,78610,00000,Trinidad city
162,08,000,00000,79270,00000,Two Buttes town
162,08,000,00000,80040,00000,Vail town
162,08,000,00000,80865,00000,Victor city
162,08,000,00000,81030,00000,Vilas town
162,08,000,00000,81690,00000,Vona town
162,08,000,00000,82130,00000,Walden town
162,08,000,00000,82350,00000,Walsenburg city
162,08,000,00000,82460,00000,Walsh town
162,08,000,00000,82735,00000,Ward town
162,08,000,00000,83230,00000,Wellington town
162,08,000,00000,83450,00000,Westcliffe town
162,08,000,00000,83835,00000,Westminster city
162,08,000,00000,84440,00000,Wheat Ridge city
162,08,000,00000,84770,00000,Wiggins town
162,08,000,00000,85045,00000,Wiley town
162,08,000,00000,85155,00000,Williamsburg town
162,08,000,00000,85485,00000,Windsor town
162,08,000,00000,85705,00000,Winter Park town
162,08,000,00000,86090,00000,Woodland Park city
162,08,000,00000,86310,00000,Wray city
162,08,000,00000,86475,00000,Yampa town
162,08,000,00000,86750,00000,Yuma city
040,16,000,00000,00000,00000,Idaho
050,16,001,00000,00000,00000,Ada County
050,16,003,00000,00000,00000,Adams County
050,16,005,00000,00000,00000,Bannock County
050,16,007,00000,00000,00000,Bear Lake County
050,16,009,00000,00000,00000,Benewah County
050,16,011,00000,00000,00000,Bingham County
050,16,013,00000,00000,00000,Blaine County
050,16,015,00000,00000,00000,Boise County
050,16,017,00000,00000,00000,Bonner County
050,16,019,00000,00000,00000,Bonneville County
050,16,021,00000,00000,00000,Boundary County
050,16,023,00000,00000,00000,Butte County
050,16,025,00000,00000,00000,Camas County
050,16,027,00000,00000,00000,Canyon County
050,16,029,00000,00000,00000,Caribou County
050,16,031,00000,00000,00000,Cassia County
050,16,033,00000,00000,00000,Clark County
050,16,035,00000,00000,00000,Clearwater County
050,16,037,00000,00000,00000,Custer County
050,16,039,00000,00000,00000,Elmore County
050,16,041,00000,00000,00000,Franklin County
050,16,043,00000,00000,00000,Fremont County
050,16,045,00000,00000,00000,Gem County
050,16,047,00000,00000,00000,Gooding County
050,16,049,00000,00000,00000,Idaho County
050,16,051,00000,00000,00000,Jefferson County
050,16,053,00000,00000,00000,Jerome County
050,16,055,00000,00000,00000,Kootenai County
050,16,057,00000,00000,00000,Latah County
050,16,059,00000,00000,00000,Lemhi County
050,16,061,00000,00000,00000,Lewis County
050,16,063,00000,00000,00000,Lincoln County
050,16,065,00000,00000,00000,Madison County
050,16,067,00000,00000,00000,Minidoka County
050,16,069,00000,00000,00000,Nez Perce County
050,16,071,00000,00000,00000,Oneida County
050,16,073,00000,00000,00000,Owyhee County
050,16,075,00000,00000,00000,Payette County
050,16,077,00000,00000,00000,Power County
050,16,079,00000,00000,00000,Shoshone County
050,16,081,00000,00000,00000,Teton County
050,16,083,00000,00000,00000,Twin Falls County
050,16,085,00000,00000,00000,Valley County
050,16,087,00000,00000,00000,Washington County
162,16,000,00000,00100,00000,Aberdeen city
162,16,000,00000,00280,00000,Acequia city
162,16,000,00000,01000,00000,Albion city
162,16,000,00000,01900,00000,American Falls city
162,16,000,00000,01990,00000,Ammon city
162,16,000,00000,03160,00000,Arco city
162,16,000,00000,03340,00000,Arimo city
162,16,000,00000,03610,00000,Ashton city
162,16,000,00000,03700,00000,Athol city
162,16,000,00000,03970,00000,Atomic City city
162,16,000,00000,04420,00000,Bancroft city
162,16,000,00000,05230,00000,Basalt city
162,16,000,00000,06220,00000,Bellevue city
162,16,000,00000,07840,00000,Blackfoot city
162,16,000,00000,08470,00000,Bliss city
162,16,000,00000,08560,00000,Bloomington city
162,16,000,00000,08830,00000,Boise City city
162,16,000,00000,09370,00000,Bonners Ferry city
162,16,000,00000,09730,00000,Bovill city
162,16,000,00000,10810,00000,Buhl city
162,16,000,00000,11260,00000,Burley city
162,16,000,00000,11710,00000,Butte City city
162,16,000,00000,12250,00000,Caldwell city
162,16,000,00000,12520,00000,Cambridge city
162,16,000,00000,12790,00000,Carey city
162,16,000,00000,13150,00000,Cascade city
162,16,000,00000,13240,00000,Castleford city
162,16,000,00000,13780,00000,Challis city
162,16,000,00000,14680,00000,Chubbuck city
162,16,000,00000,14950,00000,Clark Fork city
162,16,000,00000,15490,00000,Clayton city
162,16,000,00000,16120,00000,Clifton city
162,16,000,00000,16750,00000,Coeur d'Alene city
162,16,000,00000,18640,00000,Cottonwood city
162,16,000,00000,18820,00000,Council city
162,16,000,00000,19270,00000,Craigmont city
162,16,000,00000,19720,00000,Crouch city
162,16,000,00000,19900,00000,Culdesac city
162,16,000,00000,20350,00000,Dalton Gardens city
162,16,000,00000,20710,00000,Dayton city
162,16,000,00000,20890,00000,Deary city
162,16,000,00000,20980,00000,Declo city
162,16,000,00000,21790,00000,Dietrich city
162,16,000,00000,22330,00000,Donnelly city
162,16,000,00000,22510,00000,Dover city
162,16,000,00000,22600,00000,Downey city
162,16,000,00000,22690,00000,Driggs city
162,16,000,00000,22780,00000,Drummond city
162,16,000,00000,22960,00000,Dubois city
162,16,000,00000,23410,00000,Eagle city
162,16,000,00000,23680,00000,East Hope city
162,16,000,00000,24310,00000,Eden city
162,16,000,00000,25120,00000,Elk River city
162,16,000,00000,25570,00000,Emmett city
162,16,000,00000,26290,00000,Fairfield city
162,16,000,00000,27460,00000,Ferdinand city
162,16,000,00000,27550,00000,Fernan Lake Village city
162,16,000,00000,27730,00000,Filer city
162,16,000,00000,27910,00000,Firth city
162,16,000,00000,28810,00000,Franklin city
162,16,000,00000,28990,00000,Fruitland city
162,16,000,00000,29620,00000,Garden City city
162,16,000,00000,30160,00000,Genesee city
162,16,000,00000,30340,00000,Georgetown city
162,16,000,00000,31690,00000,Glenns Ferry city
162,16,000,00000,32140,00000,Gooding city
162,16,000,00000,32500,00000,Grace city
162,16,000,00000,32770,00000,Grand View city
162,16,000,00000,32950,00000,Grangeville city
162,16,000,00000,33490,00000,Greenleaf city
162,16,000,00000,34300,00000,Hagerman city
162,16,000,00000,34390,00000,Hailey city
162,16,000,00000,34570,00000,Hamer city
162,16,000,00000,34930,00000,Hansen city
162,16,000,00000,35200,00000,Harrison city
162,16,000,00000,35830,00000,Hauser city
162,16,000,00000,36370,00000,Hayden city
162,16,000,00000,36460,00000,Hayden Lake city
162,16,000,00000,36730,00000,Hazelton city
162,16,000,00000,37360,00000,Heyburn city
162,16,000,00000,38080,00000,Hollister city
162,16,000,00000,38170,00000,Homedale city
162,16,000,00000,38440,00000,Hope city
162,16,000,00000,38620,00000,Horseshoe Bend city
162,16,000,00000,39070,00000,Huetter city
162,16,000,00000,39610,00000,Idaho City city
162,16,000,00000,39700,00000,Idaho Falls city
162,16,000,00000,40330,00000,Inkom city
162,16,000,00000,40420,00000,Iona city
162,16,000,00000,40510,00000,Irwin city
162,16,000,00000,40600,00000,Island Park city
162,16,000,00000,41320,00000,Jerome city
162,16,000,00000,42130,00000,Juliaetta city
162,16,000,00000,42400,00000,Kamiah city
162,16,000,00000,42580,00000,Kellogg city
162,16,000,00000,42760,00000,Kendrick city
162,16,000,00000,43030,00000,Ketchum city
162,16,000,00000,43570,00000,Kimberly city
162,16,000,00000,44110,00000,Kooskia city
162,16,000,00000,44200,00000,Kootenai city
162,16,000,00000,44290,00000,Kuna city
162,16,000,00000,45370,00000,Lapwai city
162,16,000,00000,45820,00000,Lava Hot Springs city
162,16,000,00000,45910,00000,Leadore city
162,16,000,00000,46540,00000,Lewiston city
162,16,000,00000,46720,00000,Lewisville city
162,16,000,00000,48790,00000,McCall city
162,16,000,00000,48880,00000,McCammon city
162,16,000,00000,49240,00000,Mackay city
162,16,000,00000,50140,00000,Malad City city
162,16,000,00000,50230,00000,Malta city
162,16,000,00000,50950,00000,Marsing city
162,16,000,00000,51850,00000,Melba city
162,16,000,00000,52030,00000,Menan city
162,16,000,00000,52120,00000,Meridian city
162,16,000,00000,52660,00000,Middleton city
162,16,000,00000,52750,00000,Midvale city
162,16,000,00000,53110,00000,Minidoka city
162,16,000,00000,53920,00000,Montpelier city
162,16,000,00000,54100,00000,Moore city
162,16,000,00000,54550,00000,Moscow city
162,16,000,00000,54730,00000,Mountain Home city
162,16,000,00000,55270,00000,Moyie Springs city
162,16,000,00000,55450,00000,Mud Lake city
162,16,000,00000,55630,00000,Mullan city
162,16,000,00000,55900,00000,Murtaugh city
162,16,000,00000,56260,00000,Nampa city
162,16,000,00000,56800,00000,Newdale city
162,16,000,00000,56890,00000,New Meadows city
162,16,000,00000,56980,00000,New Plymouth city
162,16,000,00000,57250,00000,Nezperce city
162,16,000,00000,58060,00000,Notus city
162,16,000,00000,58330,00000,Oakley city
162,16,000,00000,58600,00000,Oldtown city
162,16,000,00000,58870,00000,Onaway city
162,16,000,00000,59320,00000,Orofino city
162,16,000,00000,59590,00000,Osburn city
162,16,000,00000,60040,00000,Oxford city
162,16,000,00000,60580,00000,Paris city
162,16,000,00000,60760,00000,Parker city
162,16,000,00000,60940,00000,Parma city
162,16,000,00000,61210,00000,Paul city
162,16,000,00000,61300,00000,Payette city
162,16,000,00000,61840,00000,Peck city
162,16,000,00000,62740,00000,Pierce city
162,16,000,00000,63100,00000,Pinehurst city
162,16,000,00000,63550,00000,Placerville city
162,16,000,00000,63910,00000,Plummer city
162,16,000,00000,64090,00000,Pocatello city
162,16,000,00000,64450,00000,Ponderay city
162,16,000,00000,64810,00000,Post Falls city
162,16,000,00000,64900,00000,Potlatch city
162,16,000,00000,65260,00000,Preston city
162,16,000,00000,65530,00000,Priest River city
162,16,000,00000,66340,00000,Rathdrum city
162,16,000,00000,67150,00000,Reubens city
162,16,000,00000,67420,00000,Rexburg city
162,16,000,00000,67600,00000,Richfield city
162,16,000,00000,67780,00000,Rigby city
162,16,000,00000,67870,00000,Riggins city
162,16,000,00000,67960,00000,Ririe city
162,16,000,00000,68500,00000,Roberts city
162,16,000,00000,69130,00000,Rockland city
162,16,000,00000,70660,00000,Rupert city
162,16,000,00000,71020,00000,St. Anthony city
162,16,000,00000,71110,00000,St. Charles city
162,16,000,00000,71470,00000,St. Maries city
162,16,000,00000,71650,00000,Salmon city
162,16,000,00000,72100,00000,Sandpoint city
162,16,000,00000,73450,00000,Shelley city
162,16,000,00000,73900,00000,Shoshone city
162,16,000,00000,75070,00000,Smelterville city
162,16,000,00000,75195,00000,Soda Springs city
162,16,000,00000,75970,00000,Spencer city
162,16,000,00000,76060,00000,Spirit Lake city
162,16,000,00000,76780,00000,Stanley city
162,16,000,00000,76870,00000,Star city
162,16,000,00000,77050,00000,State Line city
162,16,000,00000,77500,00000,Stites city
162,16,000,00000,78040,00000,Sugar City city
162,16,000,00000,78850,00000,Sun Valley city
162,16,000,00000,79120,00000,Swan Valley city
162,16,000,00000,80200,00000,Tensed city
162,16,000,00000,80380,00000,Teton city
162,16,000,00000,80470,00000,Tetonia city
162,16,000,00000,82360,00000,Troy city
162,16,000,00000,82810,00000,Twin Falls city
162,16,000,00000,83350,00000,Ucon city
162,16,000,00000,84250,00000,Victor city
162,16,000,00000,84790,00000,Wallace city
162,16,000,00000,85240,00000,Wardner city
162,16,000,00000,85420,00000,Warm River city
162,16,000,00000,86050,00000,Weippe city
162,16,000,00000,86140,00000,Weiser city
162,16,000,00000,86320,00000,Wendell city
162,16,000,00000,87040,00000,Weston city
162,16,000,00000,87310,00000,White Bird city
162,16,000,00000,87670,00000,Wilder city
162,16,000,00000,87850,00000,Winchester city
162,16,000,00000,88480,00000,Worley city
040,30,000,00000,00000,00000,Montana
050,30,001,00000,00000,00000,Beaverhead County
050,30,003,00000,00000,00000,Big Horn County
050,30,005,00000,00000,00000,Blaine County
050,30,007,00000,00000,00000,Broadwater County
050,30,009,00000,00000,00000,Carbon County
050,30,011,00000,00000,00000,Carter County
050,30,013,00000,00000,00000,Cascade County
050,30,015,00000,00000,00000,Chouteau County
050,30,017,00000,00000,00000,Custer County
050,30,019,00000,00000,00000,Daniels County
050,30,021,00000,00000,00000,Dawson County
050,30,023,00000,00000,00000,Deer Lodge County
050,30,025,00000,00000,00000,Fallon County
050,30,027,00000,00000,00000,Fergus County
050,30,029,00000,00000,00000,Flathead County
050,30,031,00000,00000,00000,Gallatin County
050,30,033,00000,00000,00000,Garfield County
050,30,035,00000,00000,00000,Glacier County
050,30,037,00000,00000,00000,Golden Valley County
050,30,039,00000,00000,00000,Granite County
050,30,041,00000,00000,00000,Hill County
050,30,043,00000,00000,00000,Jefferson County
050,30,045,00000,00000,00000,Judith Basin County
050,30,047,00000,00000,00000,Lake County
050,30,049,00000,00000,00000,Lewis and Clark County
050,30,051,00000,00000,00000,Liberty County
050,30,053,00000,00000,00000,Lincoln County
050,30,055,00000,00000,00000,McCone County
050,30,057,00000,00000,00000,Madison County
050,30,059,00000,00000,00000,Meagher County
050,30,061,00000,00000,00000,Mineral County
050,30,063,00000,00000,00000,Missoula County
050,30,065,00000,00000,00000,Musselshell County
050,30,067,00000,00000,00000,Park County
050,30,069,00000,00000,00000,Petroleum County
050,30,071,00000,00000,00000,Phillips County
050,30,073,00000,00000,00000,Pondera County
050,30,075,00000,00000,00000,Powder River County
050,30,077,00000,00000,00000,Powell County
050,30,079,00000,00000,00000,Prairie County
050,30,081,00000,00000,00000,Ravalli County
050,30,083,00000,00000,00000,Richland County
050,30,085,00000,00000,00000,Roosevelt County
050,30,087,00000,00000,00000,Rosebud County
050,30,089,00000,00000,00000,Sanders County
050,30,091,00000,00000,00000,Sheridan County
050,30,093,00000,00000,00000,Silver Bow County
050,30,095,00000,00000,00000,Stillwater County
050,30,097,00000,00000,00000,Sweet Grass County
050,30,099,00000,00000,00000,Teton County
050,30,101,00000,00000,00000,Toole County
050,30,103,00000,00000,00000,Treasure County
050,30,105,00000,00000,00000,Valley County
050,30,107,00000,00000,00000,Wheatland County
050,30,109,00000,00000,00000,Wibaux County
050,30,111,00000,00000,00000,Yellowstone County
162,30,000,00000,00700,00000,Alberton town
162,30,000,00000,01675,00000,Anaconda-Deer Lodge County
162,30,000,00000,03400,00000,Bainville town
162,30,000,00000,03475,00000,Baker city
162,30,000,00000,04300,00000,Bearcreek town
162,30,000,00000,04975,00000,Belgrade city
162,30,000,00000,05275,00000,Belt town
162,30,000,00000,06250,00000,Big Sandy town
162,30,000,00000,06475,00000,Big Timber city
162,30,000,00000,06550,00000,Billings city
162,30,000,00000,08575,00000,Boulder city
162,30,000,00000,08950,00000,Bozeman city
162,30,000,00000,09475,00000,Bridger town
162,30,000,00000,09700,00000,Broadus town
162,30,000,00000,09775,00000,Broadview town
162,30,000,00000,10000,00000,Brockton town
162,30,000,00000,10375,00000,Browning town
162,30,000,00000,11397,00000,Butte-Silver Bow (balance)
162,30,000,00000,12775,00000,Cascade town
162,30,000,00000,14200,00000,Chester town
162,30,000,00000,14575,00000,Chinook city
162,30,000,00000,14650,00000,Choteau city
162,30,000,00000,14950,00000,Circle town
162,30,000,00000,15550,00000,Clyde Park town
162,30,000,00000,16525,00000,Colstrip city
162,30,000,00000,16600,00000,Columbia Falls city
162,30,000,00000,16825,00000,Columbus town
162,30,000,00000,17275,00000,Conrad city
162,30,000,00000,18475,00000,Culbertson town
162,30,000,00000,18775,00000,Cut Bank city
162,30,000,00000,19300,00000,Darby town
162,30,000,00000,19825,00000,Deer Lodge city
162,30,000,00000,20425,00000,Denton town
162,30,000,00000,20800,00000,Dillon city
162,30,000,00000,21025,00000,Dodson town
162,30,000,00000,21850,00000,Drummond town
162,30,000,00000,22600,00000,Dutton town
162,30,000,00000,23125,00000,East Helena city
162,30,000,00000,23650,00000,Ekalaka town
162,30,000,00000,24475,00000,Ennis town
162,30,000,00000,24850,00000,Eureka town
162,30,000,00000,25225,00000,Fairfield town
162,30,000,00000,25300,00000,Fairview town
162,30,000,00000,26800,00000,Flaxville town
162,30,000,00000,27700,00000,Forsyth city
162,30,000,00000,28000,00000,Fort Benton city
162,30,000,00000,28450,00000,Fort Peck town
162,30,000,00000,29500,00000,Froid town
162,30,000,00000,29575,00000,Fromberg town
162,30,000,00000,30400,00000,Geraldine town
162,30,000,00000,31075,00000,Glasgow city
162,30,000,00000,31450,00000,Glendive city
162,30,000,00000,32575,00000,Grass Range town
162,30,000,00000,32800,00000,Great Falls city
162,30,000,00000,33775,00000,Hamilton city
162,30,000,00000,34225,00000,Hardin city
162,30,000,00000,34375,00000,Harlem city
162,30,000,00000,34450,00000,Harlowton city
162,30,000,00000,35050,00000,Havre city
162,30,000,00000,35600,00000,Helena city
162,30,000,00000,36400,00000,Hingham town
162,30,000,00000,36700,00000,Hobson city
162,30,000,00000,37825,00000,Hot Springs town
162,30,000,00000,38350,00000,Hysham town
162,30,000,00000,38950,00000,Ismay town
162,30,000,00000,39700,00000,Joliet town
162,30,000,00000,39925,00000,Jordan town
162,30,000,00000,40000,00000,Judith Gap city
162,30,000,00000,40075,00000,Kalispell city
162,30,000,00000,40525,00000,Kevin town
162,30,000,00000,42700,00000,Laurel city
162,30,000,00000,42850,00000,Lavina town
162,30,000,00000,43375,00000,Lewistown city
162,30,000,00000,43450,00000,Libby city
162,30,000,00000,43525,00000,Lima town
162,30,000,00000,43975,00000,Livingston city
162,30,000,00000,44275,00000,Lodge Grass town
162,30,000,00000,47425,00000,Malta city
162,30,000,00000,47575,00000,Manhattan town
162,30,000,00000,48775,00000,Medicine Lake town
162,30,000,00000,49000,00000,Melstone town
162,30,000,00000,49525,00000,Miles City city
162,30,000,00000,50200,00000,Missoula city
162,30,000,00000,51550,00000,Moore town
162,30,000,00000,52900,00000,Nashua town
162,30,000,00000,53200,00000,Neihart town
162,30,000,00000,55525,00000,Opheim town
162,30,000,00000,56050,00000,Outlook town
162,30,000,00000,57175,00000,Philipsburg town
162,30,000,00000,57700,00000,Pinesdale town
162,30,000,00000,58150,00000,Plains town
162,30,000,00000,58375,00000,Plentywood city
162,30,000,00000,58450,00000,Plevna town
162,30,000,00000,58750,00000,Polson city
162,30,000,00000,58975,00000,Poplar city
162,30,000,00000,61525,00000,Red Lodge city
162,30,000,00000,62200,00000,Rexford town
162,30,000,00000,62275,00000,Richey town
162,30,000,00000,64150,00000,Ronan city
162,30,000,00000,64525,00000,Roundup city
162,30,000,00000,64975,00000,Ryegate town
162,30,000,00000,65050,00000,Saco town
162,30,000,00000,65275,00000,St. Ignatius town
162,30,000,00000,66925,00000,Scobey city
162,30,000,00000,67450,00000,Shelby city
162,30,000,00000,67600,00000,Sheridan town
162,30,000,00000,67900,00000,Sidney city
162,30,000,00000,70675,00000,Stanford town
162,30,000,00000,71200,00000,Stevensville town
162,30,000,00000,72175,00000,Sunburst town
162,30,000,00000,72625,00000,Superior town
162,30,000,00000,73675,00000,Terry town
162,30,000,00000,73825,00000,Thompson Falls city
162,30,000,00000,73975,00000,Three Forks city
162,30,000,00000,74575,00000,Townsend city
162,30,000,00000,75025,00000,Troy city
162,30,000,00000,75475,00000,Twin Bridges town
162,30,000,00000,76225,00000,Valier town
162,30,000,00000,77125,00000,Virginia City town
162,30,000,00000,77650,00000,Walkerville town
162,30,000,00000,78925,00000,Westby town
162,30,000,00000,79525,00000,West Yellowstone town
162,30,000,00000,79825,00000,Whitefish city
162,30,000,00000,79900,00000,Whitehall town
162,30,000,00000,80050,00000,White Sulphur Springs city
162,30,000,00000,80350,00000,Wibaux town
162,30,000,00000,81025,00000,Winifred town
162,30,000,00000,81100,00000,Winnett town
162,30,000,00000,81475,00000,Wolf Point city
170,30,000,00000,00000,11390,Butte-Silver Bow
040,41,000,00000,00000,00000,Oregon
050,41,001,00000,00000,00000,Baker County
050,41,003,00000,00000,00000,Benton County
050,41,005,00000,00000,00000,Clackamas County
050,41,007,00000,00000,00000,Clatsop County
050,41,009,00000,00000,00000,Columbia County
050,41,011,00000,00000,00000,Coos County
050,41,013,00000,00000,00000,Crook County
050,41,015,00000,00000,00000,Curry County
050,41,017,00000,00000,00000,Deschutes County
050,41,019,00000,00000,00000,Douglas County
050,41,021,00000,00000,00000,Gilliam County
050,41,023,00000,00000,00000,Grant County
050,41,025,00000,00000,00000,Harney County
050,41,027,00000,00000,00000,Hood River County
050,41,029,00000,00000,00000,Jackson County
050,41,031,00000,00000,00000,Jefferson County
050,41,033,00000,00000,00000,Josephine County
050,41,035,00000,00000,00000,Klamath County
050,41,037,00000,00000,00000,Lake County
050,41,039,00000,00000,00000,Lane County
050,41,041,00000,00000,00000,Lincoln County
050,41,043,00000,00000,00000,Linn County
050,41,045,00000,00000,00000,Malheur County
050,41,047,00000,00000,00000,Marion County
050,41,049,00000,00000,00000,Morrow County
050,41,051,00000,00000,00000,Multnomah County
050,41,053,00000,00000,00000,Polk County
050,41,055,00000,00000,00000,Sherman County
050,41,057,00000,00000,00000,Tillamook County
050,41,059,00000,00000,00000,Umatilla County
050,41,061,00000,00000,00000,Union County
050,41,063,00000,00000,00000,Wallowa County
050,41,065,00000,00000,00000,Wasco County
050,41,067,00000,00000,00000,Washington County
050,41,069,00000,00000,00000,Wheeler County
050,41,071,00000,00000,00000,Yamhill County
162,41,000,00000,00275,00000,Adair Village city
162,41,000,00000,00350,00000,Adams city
162,41,000,00000,00500,00000,Adrian city
162,41,000,00000,01000,00000,Albany city
162,41,000,00000,02000,00000,Amity city
162,41,000,00000,02250,00000,Antelope city
162,41,000,00000,02800,00000,Arlington city
162,41,000,00000,03050,00000,Ashland city
162,41,000,00000,03150,00000,Astoria city
162,41,000,00000,03200,00000,Athena city
162,41,000,00000,03250,00000,Aumsville city
162,41,000,00000,03300,00000,Aurora city
162,41,000,00000,03650,00000,Baker City city
162,41,000,00000,03800,00000,Bandon city
162,41,000,00000,03850,00000,Banks city
162,41,000,00000,04000,00000,Barlow city
162,41,000,00000,04800,00000,Bay City city
162,41,000,00000,05350,00000,Beaverton city
162,41,000,00000,05800,00000,Bend city
162,41,000,00000,07200,00000,Boardman city
162,41,000,00000,07300,00000,Bonanza town
162,41,000,00000,08650,00000,Brookings city
162,41,000,00000,09050,00000,Brownsville city
162,41,000,00000,09800,00000,Burns city
162,41,000,00000,10050,00000,Butte Falls town
162,41,000,00000,10750,00000,Canby city
162,41,000,00000,10850,00000,Cannon Beach city
162,41,000,00000,10950,00000,Canyon City town
162,41,000,00000,11000,00000,Canyonville city
162,41,000,00000,11150,00000,Carlton city
162,41,000,00000,11600,00000,Cascade Locks city
162,41,000,00000,11850,00000,Cave Junction city
162,41,000,00000,12400,00000,Central Point city
162,41,000,00000,13050,00000,Chiloquin city
162,41,000,00000,13750,00000,Clatskanie city
162,41,000,00000,14400,00000,Coburg city
162,41,000,00000,14750,00000,Columbia City city
162,41,000,00000,15000,00000,Condon city
162,41,000,00000,15250,00000,Coos Bay city
162,41,000,00000,15350,00000,Coquille city
162,41,000,00000,15550,00000,Cornelius city
162,41,000,00000,15800,00000,Corvallis city
162,41,000,00000,15950,00000,Cottage Grove city
162,41,000,00000,16250,00000,Cove city
162,41,000,00000,16950,00000,Creswell city
162,41,000,00000,17300,00000,Culver city
162,41,000,00000,17700,00000,Dallas city
162,41,000,00000,17800,00000,Damascus city
162,41,000,00000,18250,00000,Dayton city
162,41,000,00000,18300,00000,Dayville town
162,41,000,00000,18850,00000,Depoe Bay city
162,41,000,00000,19100,00000,Detroit city
162,41,000,00000,20100,00000,Donald city
162,41,000,00000,20500,00000,Drain city
162,41,000,00000,20900,00000,Dufur city
162,41,000,00000,21050,00000,Dundee city
162,41,000,00000,21150,00000,Dunes City city
162,41,000,00000,21250,00000,Durham city
162,41,000,00000,21550,00000,Eagle Point city
162,41,000,00000,22200,00000,Echo city
162,41,000,00000,22550,00000,Elgin city
162,41,000,00000,22800,00000,Elkton city
162,41,000,00000,23500,00000,Enterprise city
162,41,000,00000,23800,00000,Estacada city
162,41,000,00000,23850,00000,Eugene city
162,41,000,00000,24250,00000,Fairview city
162,41,000,00000,24550,00000,Falls City city
162,41,000,00000,26050,00000,Florence city
162,41,000,00000,26200,00000,Forest Grove city
162,41,000,00000,26650,00000,Fossil city
162,41,000,00000,28000,00000,Garibaldi city
162,41,000,00000,28100,00000,Gaston city
162,41,000,00000,28200,00000,Gates city
162,41,000,00000,28450,00000,Gearhart city
162,41,000,00000,28650,00000,Gervais city
162,41,000,00000,29000,00000,Gladstone city
162,41,000,00000,29350,00000,Glendale city
162,41,000,00000,29900,00000,Gold Beach city
162,41,000,00000,29950,00000,Gold Hill city
162,41,000,00000,30500,00000,Granite city
162,41,000,00000,30550,00000,Grants Pass city
162,41,000,00000,30650,00000,Grass Valley city
162,41,000,00000,31250,00000,Gresham city
162,41,000,00000,31600,00000,Haines city
162,41,000,00000,31650,00000,Halfway city
162,41,000,00000,31750,00000,Halsey city
162,41,000,00000,32050,00000,Happy Valley city
162,41,000,00000,32550,00000,Harrisburg city
162,41,000,00000,33250,00000,Helix city
162,41,000,00000,33550,00000,Heppner city
162,41,000,00000,33700,00000,Hermiston city
162,41,000,00000,34100,00000,Hillsboro city
162,41,000,00000,34250,00000,Hines city
162,41,000,00000,34900,00000,Hood River city
162,41,000,00000,35450,00000,Hubbard city
162,41,000,00000,35700,00000,Huntington city
162,41,000,00000,35800,00000,Idanha city
162,41,000,00000,36050,00000,Imbler city
162,41,000,00000,36150,00000,Independence city
162,41,000,00000,36400,00000,Ione city
162,41,000,00000,36500,00000,Irrigon city
162,41,000,00000,36750,00000,Island City city
162,41,000,00000,37000,00000,Jacksonville city
162,41,000,00000,37250,00000,Jefferson city
162,41,000,00000,37550,00000,John Day city
162,41,000,00000,37650,00000,Johnson City city
162,41,000,00000,37850,00000,Jordan Valley city
162,41,000,00000,37900,00000,Joseph city
162,41,000,00000,38000,00000,Junction City city
162,41,000,00000,38500,00000,Keizer city
162,41,000,00000,39150,00000,King City city
162,41,000,00000,39700,00000,Klamath Falls city
162,41,000,00000,40300,00000,Lafayette city
162,41,000,00000,40350,00000,La Grande city
162,41,000,00000,40550,00000,Lake Oswego city
162,41,000,00000,40650,00000,Lakeside city
162,41,000,00000,40700,00000,Lakeview town
162,41,000,00000,41050,00000,La Pine city
162,41,000,00000,41650,00000,Lebanon city
162,41,000,00000,42200,00000,Lexington town
162,41,000,00000,42600,00000,Lincoln City city
162,41,000,00000,43400,00000,Lonerock city
162,41,000,00000,43550,00000,Long Creek city
162,41,000,00000,43900,00000,Lostine city
162,41,000,00000,44050,00000,Lowell city
162,41,000,00000,44300,00000,Lyons city
162,41,000,00000,45000,00000,McMinnville city
162,41,000,00000,45250,00000,Madras city
162,41,000,00000,45400,00000,Malin city
162,41,000,00000,45700,00000,Manzanita city
162,41,000,00000,46500,00000,Maupin city
162,41,000,00000,46730,00000,Maywood Park city
162,41,000,00000,47000,00000,Medford city
162,41,000,00000,47700,00000,Merrill city
162,41,000,00000,47750,00000,Metolius city
162,41,000,00000,48150,00000,Mill City city
162,41,000,00000,48300,00000,Millersburg city
162,41,000,00000,48600,00000,Milton-Freewater city
162,41,000,00000,48650,00000,Milwaukie city
162,41,000,00000,49150,00000,Mitchell city
162,41,000,00000,49450,00000,Molalla city
162,41,000,00000,49550,00000,Monmouth city
162,41,000,00000,49600,00000,Monroe city
162,41,000,00000,49750,00000,Monument city
162,41,000,00000,50000,00000,Moro city
162,41,000,00000,50050,00000,Mosier city
162,41,000,00000,50150,00000,Mount Angel city
162,41,000,00000,50250,00000,Mount Vernon city
162,41,000,00000,50950,00000,Myrtle Creek city
162,41,000,00000,51050,00000,Myrtle Point city
162,41,000,00000,51700,00000,Nehalem city
162,41,000,00000,52100,00000,Newberg city
162,41,000,00000,52450,00000,Newport city
162,41,000,00000,53000,00000,North Bend city
162,41,000,00000,53150,00000,North Plains city
162,41,000,00000,53300,00000,North Powder city
162,41,000,00000,53750,00000,Nyssa city
162,41,000,00000,54000,00000,Oakland city
162,41,000,00000,54100,00000,Oakridge city
162,41,000,00000,54900,00000,Ontario city
162,41,000,00000,55200,00000,Oregon City city
162,41,000,00000,56250,00000,Paisley city
162,41,000,00000,57150,00000,Pendleton city
162,41,000,00000,57450,00000,Philomath city
162,41,000,00000,57500,00000,Phoenix city
162,41,000,00000,57650,00000,Pilot Rock city
162,41,000,00000,59000,00000,Portland city
162,41,000,00000,59250,00000,Port Orford city
162,41,000,00000,59600,00000,Powers city
162,41,000,00000,59650,00000,Prairie City city
162,41,000,00000,59750,00000,Prescott city
162,41,000,00000,59850,00000,Prineville city
162,41,000,00000,60850,00000,Rainier city
162,41,000,00000,61200,00000,Redmond city
162,41,000,00000,61300,00000,Reedsport city
162,41,000,00000,61700,00000,Richland city
162,41,000,00000,61850,00000,Riddle city
162,41,000,00000,62250,00000,Rivergrove city
162,41,000,00000,62900,00000,Rockaway Beach city
162,41,000,00000,63450,00000,Rogue River city
162,41,000,00000,63650,00000,Roseburg city
162,41,000,00000,64200,00000,Rufus city
162,41,000,00000,64600,00000,St. Helens city
162,41,000,00000,64850,00000,St. Paul city
162,41,000,00000,64900,00000,Salem city
162,41,000,00000,65250,00000,Sandy city
162,41,000,00000,65500,00000,Scappoose city
162,41,000,00000,65650,00000,Scio city
162,41,000,00000,65800,00000,Scotts Mills city
162,41,000,00000,65950,00000,Seaside city
162,41,000,00000,66200,00000,Seneca city
162,41,000,00000,66550,00000,Shady Cove city
162,41,000,00000,66700,00000,Shaniko city
162,41,000,00000,67050,00000,Sheridan city
162,41,000,00000,67100,00000,Sherwood city
162,41,000,00000,67500,00000,Siletz city
162,41,000,00000,67650,00000,Silverton city
162,41,000,00000,67950,00000,Sisters city
162,41,000,00000,68550,00000,Sodaville city
162,41,000,00000,69450,00000,Spray town
162,41,000,00000,69600,00000,Springfield city
162,41,000,00000,69900,00000,Stanfield city
162,41,000,00000,70200,00000,Stayton city
162,41,000,00000,70700,00000,Sublimity city
162,41,000,00000,70850,00000,Summerville town
162,41,000,00000,71000,00000,Sumpter city
162,41,000,00000,71650,00000,Sutherlin city
162,41,000,00000,71950,00000,Sweet Home city
162,41,000,00000,72500,00000,Talent city
162,41,000,00000,72600,00000,Tangent city
162,41,000,00000,72950,00000,The Dalles city
162,41,000,00000,73650,00000,Tigard city
162,41,000,00000,73700,00000,Tillamook city
162,41,000,00000,74000,00000,Toledo city
162,41,000,00000,74850,00000,Troutdale city
162,41,000,00000,74950,00000,Tualatin city
162,41,000,00000,75150,00000,Turner city
162,41,000,00000,75550,00000,Ukiah city
162,41,000,00000,75650,00000,Umatilla city
162,41,000,00000,75850,00000,Union city
162,41,000,00000,76250,00000,Unity city
162,41,000,00000,76600,00000,Vale city
162,41,000,00000,77050,00000,Veneta city
162,41,000,00000,77250,00000,Vernonia city
162,41,000,00000,78000,00000,Waldport city
162,41,000,00000,78150,00000,Wallowa city
162,41,000,00000,78900,00000,Warrenton city
162,41,000,00000,78950,00000,Wasco city
162,41,000,00000,79050,00000,Waterloo town
162,41,000,00000,79950,00000,Westfir city
162,41,000,00000,80150,00000,West Linn city
162,41,000,00000,80350,00000,Weston city
162,41,000,00000,81300,00000,Wheeler city
162,41,000,00000,82350,00000,Willamina city
162,41,000,00000,82800,00000,Wilsonville city
162,41,000,00000,83400,00000,Winston city
162,41,000,00000,83750,00000,Woodburn city
162,41,000,00000,83950,00000,Wood Village city
162,41,000,00000,84200,00000,Yachats city
162,41,000,00000,84250,00000,Yamhill city
162,41,000,00000,84600,00000,Yoncalla city
040,53,000,00000,00000,00000,Washington
050,53,001,00000,00000,00000,Adams County
050,53,003,00000,00000,00000,Asotin County
050,53,005,00000,00000,00000,Benton County
050,53,007,00000,00000,00000,Chelan County
050,53,009,00000,00000,00000,Clallam County
050,53,011,00000,00000,00000,Clark County
050,53,013,00000,00000,00000,Columbia County
050,53,015,00000,00000,00000,Cowlitz County
050,53,017,00000,00000,00000,Douglas County
050,53,019,00000,00000,00000,Ferry County
050,53,021,00000,00000,00000,Franklin County
050,53,023,00000,00000,00000,Garfield County
050,53,025,00000,00000,00000,Grant County
050,53,027,00000,00000,00000,Grays Harbor County
050,53,029,00000,00000,00000,Island County
050,53,031,00000,00000,00000,Jefferson County
050,53,033,00000,00000,00000,King County
050,53,035,00000,00000,00000,Kitsap County
050,53,037,00000,00000,00000,Kittitas County
050,53,039,00000,00000,00000,Klickitat County
050,53,041,00000,00000,00000,Lewis County
050,53,043,00000,00000,00000,Lincoln County
050,53,045,00000,00000,00000,Mason County
050,53,047,00000,00000,00000,Okanogan County
050,53,049,00000,00000,00000,Pacific County
050,53,051,00000,00000,00000,Pend Oreille County
050,53,053,00000,00000,00000,Pierce County
050,53,055,00000,00000,00000,San Juan County
050,53,057,00000,00000,00000,Skagit County
050,53,059,00000,00000,00000,Skamania County
050,53,061,00000,00000,00000,Snohomish County
050,53,063,00000,00000,00000,Spokane County
050,53,065,00000,00000,00000,Stevens County
050,53,067,00000,00000,00000,Thurston County
050,53,069,00000,00000,00000,Wahkiakum County
050,53,071,00000,00000,00000,Walla Walla County
050,53,073,00000,00000,00000,Whatcom County
050,53,075,00000,00000,00000,Whitman County
050,53,077,00000,00000,00000,Yakima County
162,53,000,00000,00100,00000,Aberdeen city
162,53,000,00000,00905,00000,Airway Heights city
162,53,000,00000,01010,00000,Albion town
162,53,000,00000,01290,00000,Algona city
162,53,000,00000,01500,00000,Almira town
162,53,000,00000,01990,00000,Anacortes city
162,53,000,00000,02585,00000,Arlington city
162,53,000,00000,03075,00000,Asotin city
162,53,000,00000,03180,00000,Auburn city
162,53,000,00000,03736,00000,Bainbridge Island city
162,53,000,00000,04475,00000,Battle Ground city
162,53,000,00000,04895,00000,Beaux Arts Village town
162,53,000,00000,05210,00000,Bellevue city
162,53,000,00000,05280,00000,Bellingham city
162,53,000,00000,05560,00000,Benton City city
162,53,000,00000,06085,00000,Bingen city
162,53,000,00000,06330,00000,Black Diamond city
162,53,000,00000,06505,00000,Blaine city
162,53,000,00000,07170,00000,Bonney Lake city
162,53,000,00000,07380,00000,Bothell city
162,53,000,00000,07695,00000,Bremerton city
162,53,000,00000,07835,00000,Brewster city
162,53,000,00000,07870,00000,Bridgeport city
162,53,000,00000,07940,00000,Brier city
162,53,000,00000,08570,00000,Buckley city
162,53,000,00000,08605,00000,Bucoda town
162,53,000,00000,08850,00000,Burien city
162,53,000,00000,08920,00000,Burlington city
162,53,000,00000,09480,00000,Camas city
162,53,000,00000,09970,00000,Carbonado town
162,53,000,00000,10215,00000,Carnation city
162,53,000,00000,10495,00000,Cashmere city
162,53,000,00000,10565,00000,Castle Rock city
162,53,000,00000,10635,00000,Cathlamet town
162,53,000,00000,11160,00000,Centralia city
162,53,000,00000,11475,00000,Chehalis city
162,53,000,00000,11615,00000,Chelan city
162,53,000,00000,11825,00000,Cheney city
162,53,000,00000,12140,00000,Chewelah city
162,53,000,00000,12630,00000,Clarkston city
162,53,000,00000,12945,00000,Cle Elum city
162,53,000,00000,13365,00000,Clyde Hill city
162,53,000,00000,13785,00000,Colfax city
162,53,000,00000,13855,00000,College Place city
162,53,000,00000,13890,00000,Colton town
162,53,000,00000,14170,00000,Colville city
162,53,000,00000,14310,00000,Conconully town
162,53,000,00000,14380,00000,Concrete town
162,53,000,00000,14485,00000,Connell city
162,53,000,00000,14870,00000,Cosmopolis city
162,53,000,00000,15080,00000,Coulee City town
162,53,000,00000,15115,00000,Coulee Dam town
162,53,000,00000,15185,00000,Coupeville town
162,53,000,00000,15290,00000,Covington city
162,53,000,00000,15710,00000,Creston town
162,53,000,00000,16340,00000,Cusick town
162,53,000,00000,16690,00000,Darrington town
162,53,000,00000,16795,00000,Davenport city
162,53,000,00000,16970,00000,Dayton city
162,53,000,00000,17320,00000,Deer Park city
162,53,000,00000,17635,00000,Des Moines city
162,53,000,00000,18965,00000,DuPont city
162,53,000,00000,19035,00000,Duvall city
162,53,000,00000,20155,00000,East Wenatchee city
162,53,000,00000,20260,00000,Eatonville town
162,53,000,00000,20645,00000,Edgewood city
162,53,000,00000,20750,00000,Edmonds city
162,53,000,00000,21030,00000,Electric City city
162,53,000,00000,21240,00000,Ellensburg city
162,53,000,00000,21450,00000,Elma city
162,53,000,00000,21485,00000,Elmer City town
162,53,000,00000,21730,00000,Endicott town
162,53,000,00000,22010,00000,Entiat city
162,53,000,00000,22045,00000,Enumclaw city
162,53,000,00000,22080,00000,Ephrata city
162,53,000,00000,22640,00000,Everett city
162,53,000,00000,22745,00000,Everson city
162,53,000,00000,22990,00000,Fairfield town
162,53,000,00000,23340,00000,Farmington town
162,53,000,00000,23515,00000,Federal Way city
162,53,000,00000,23620,00000,Ferndale city
162,53,000,00000,23795,00000,Fife city
162,53,000,00000,23970,00000,Fircrest city
162,53,000,00000,24810,00000,Forks city
162,53,000,00000,25615,00000,Friday Harbor town
162,53,000,00000,26140,00000,Garfield town
162,53,000,00000,26455,00000,George city
162,53,000,00000,26735,00000,Gig Harbor city
162,53,000,00000,27365,00000,Gold Bar city
162,53,000,00000,27435,00000,Goldendale city
162,53,000,00000,27855,00000,Grand Coulee city
162,53,000,00000,27925,00000,Grandview city
162,53,000,00000,27960,00000,Granger city
162,53,000,00000,27995,00000,Granite Falls city
162,53,000,00000,29255,00000,Hamilton town
162,53,000,00000,29710,00000,Harrah town
162,53,000,00000,29745,00000,Harrington city
162,53,000,00000,29920,00000,Hartline town
162,53,000,00000,30060,00000,Hatton town
162,53,000,00000,32300,00000,Hoquiam city
162,53,000,00000,32755,00000,Hunts Point town
162,53,000,00000,33000,00000,Ilwaco city
162,53,000,00000,33175,00000,Index town
162,53,000,00000,33560,00000,Ione town
162,53,000,00000,33805,00000,Issaquah city
162,53,000,00000,34575,00000,Kahlotus city
162,53,000,00000,34645,00000,Kalama city
162,53,000,00000,35065,00000,Kelso city
162,53,000,00000,35170,00000,Kenmore city
162,53,000,00000,35275,00000,Kennewick city
162,53,000,00000,35415,00000,Kent city
162,53,000,00000,35485,00000,Kettle Falls city
162,53,000,00000,35940,00000,Kirkland city
162,53,000,00000,36045,00000,Kittitas city
162,53,000,00000,36395,00000,Krupp town
162,53,000,00000,36710,00000,La Center city
162,53,000,00000,36745,00000,Lacey city
162,53,000,00000,36780,00000,La Conner town
162,53,000,00000,36850,00000,LaCrosse town
162,53,000,00000,37270,00000,Lake Forest Park city
162,53,000,00000,37900,00000,Lake Stevens city
162,53,000,00000,38038,00000,Lakewood city
162,53,000,00000,38215,00000,Lamont town
162,53,000,00000,38355,00000,Langley city
162,53,000,00000,38495,00000,Latah town
162,53,000,00000,38845,00000,Leavenworth city
162,53,000,00000,39335,00000,Liberty Lake city
162,53,000,00000,39510,00000,Lind town
162,53,000,00000,40070,00000,Long Beach city
162,53,000,00000,40245,00000,Longview city
162,53,000,00000,40770,00000,Lyman town
162,53,000,00000,40805,00000,Lynden city
162,53,000,00000,40840,00000,Lynnwood city
162,53,000,00000,40980,00000,Mabton city
162,53,000,00000,41225,00000,McCleary city
162,53,000,00000,42275,00000,Malden town
162,53,000,00000,42800,00000,Mansfield town
162,53,000,00000,43150,00000,Maple Valley city
162,53,000,00000,43395,00000,Marcus town
162,53,000,00000,43955,00000,Marysville city
162,53,000,00000,44165,00000,Mattawa city
162,53,000,00000,44690,00000,Medical Lake city
162,53,000,00000,44725,00000,Medina city
162,53,000,00000,45005,00000,Mercer Island city
162,53,000,00000,45180,00000,Mesa city
162,53,000,00000,45285,00000,Metaline town
162,53,000,00000,45320,00000,Metaline Falls town
162,53,000,00000,45865,00000,Mill Creek city
162,53,000,00000,45985,00000,Millwood city
162,53,000,00000,46020,00000,Milton city
162,53,000,00000,46685,00000,Monroe city
162,53,000,00000,46895,00000,Montesano city
162,53,000,00000,47175,00000,Morton city
162,53,000,00000,47245,00000,Moses Lake city
162,53,000,00000,47315,00000,Mossyrock city
162,53,000,00000,47490,00000,Mountlake Terrace city
162,53,000,00000,47560,00000,Mount Vernon city
162,53,000,00000,47665,00000,Moxee city
162,53,000,00000,47735,00000,Mukilteo city
162,53,000,00000,47805,00000,Naches town
162,53,000,00000,47980,00000,Napavine city
162,53,000,00000,48540,00000,Nespelem town
162,53,000,00000,48645,00000,Newcastle city
162,53,000,00000,48820,00000,Newport city
162,53,000,00000,49275,00000,Nooksack city
162,53,000,00000,49415,00000,Normandy Park city
162,53,000,00000,49485,00000,North Bend city
162,53,000,00000,49555,00000,North Bonneville city
162,53,000,00000,50045,00000,Northport town
162,53,000,00000,50325,00000,Oakesdale town
162,53,000,00000,50360,00000,Oak Harbor city
162,53,000,00000,50430,00000,Oakville city
162,53,000,00000,50570,00000,Ocean Shores city
162,53,000,00000,50745,00000,Odessa town
162,53,000,00000,50920,00000,Okanogan city
162,53,000,00000,51300,00000,Olympia city
162,53,000,00000,51340,00000,Omak city
162,53,000,00000,51970,00000,Oroville city
162,53,000,00000,52005,00000,Orting city
162,53,000,00000,52215,00000,Othello city
162,53,000,00000,52495,00000,Pacific city
162,53,000,00000,52950,00000,Palouse city
162,53,000,00000,53545,00000,Pasco city
162,53,000,00000,53720,00000,Pateros city
162,53,000,00000,53930,00000,Pe Ell town
162,53,000,00000,55120,00000,Pomeroy city
162,53,000,00000,55365,00000,Port Angeles city
162,53,000,00000,55785,00000,Port Orchard city
162,53,000,00000,55855,00000,Port Townsend city
162,53,000,00000,55995,00000,Poulsbo city
162,53,000,00000,56240,00000,Prescott city
162,53,000,00000,56450,00000,Prosser city
162,53,000,00000,56625,00000,Pullman city
162,53,000,00000,56695,00000,Puyallup city
162,53,000,00000,57115,00000,Quincy city
162,53,000,00000,57220,00000,Rainier city
162,53,000,00000,57430,00000,Raymond city
162,53,000,00000,57465,00000,Reardan town
162,53,000,00000,57535,00000,Redmond city
162,53,000,00000,57745,00000,Renton city
162,53,000,00000,57850,00000,Republic city
162,53,000,00000,58235,00000,Richland city
162,53,000,00000,58410,00000,Ridgefield city
162,53,000,00000,58725,00000,Ritzville city
162,53,000,00000,58795,00000,Riverside town
162,53,000,00000,59145,00000,Rockford town
162,53,000,00000,59180,00000,Rock Island city
162,53,000,00000,59775,00000,Rosalia town
162,53,000,00000,60055,00000,Roslyn city
162,53,000,00000,60160,00000,Roy city
162,53,000,00000,60230,00000,Royal City city
162,53,000,00000,60510,00000,Ruston town
162,53,000,00000,60860,00000,St. John town
162,53,000,00000,61115,00000,Sammamish city
162,53,000,00000,62288,00000,SeaTac city
162,53,000,00000,63000,00000,Seattle city
162,53,000,00000,63210,00000,Sedro-Woolley city
162,53,000,00000,63280,00000,Selah city
162,53,000,00000,63385,00000,Sequim city
162,53,000,00000,63735,00000,Shelton city
162,53,000,00000,63960,00000,Shoreline city
162,53,000,00000,64855,00000,Skykomish town
162,53,000,00000,65170,00000,Snohomish city
162,53,000,00000,65205,00000,Snoqualmie city
162,53,000,00000,65345,00000,Soap Lake city
162,53,000,00000,65625,00000,South Bend city
162,53,000,00000,65765,00000,South Cle Elum town
162,53,000,00000,66045,00000,South Prairie town
162,53,000,00000,66290,00000,Spangle city
162,53,000,00000,67000,00000,Spokane city
162,53,000,00000,67167,00000,Spokane Valley city
162,53,000,00000,67175,00000,Sprague city
162,53,000,00000,67210,00000,Springdale town
162,53,000,00000,67455,00000,Stanwood city
162,53,000,00000,67490,00000,Starbuck town
162,53,000,00000,67770,00000,Steilacoom town
162,53,000,00000,67875,00000,Stevenson city
162,53,000,00000,68260,00000,Sultan city
162,53,000,00000,68330,00000,Sumas city
162,53,000,00000,68435,00000,Sumner city
162,53,000,00000,68750,00000,Sunnyside city
162,53,000,00000,70000,00000,Tacoma city
162,53,000,00000,70560,00000,Tekoa city
162,53,000,00000,70630,00000,Tenino city
162,53,000,00000,71400,00000,Tieton city
162,53,000,00000,71785,00000,Toledo city
162,53,000,00000,71890,00000,Tonasket city
162,53,000,00000,71960,00000,Toppenish city
162,53,000,00000,72625,00000,Tukwila city
162,53,000,00000,72905,00000,Tumwater city
162,53,000,00000,73080,00000,Twisp town
162,53,000,00000,73290,00000,Union Gap city
162,53,000,00000,73360,00000,Uniontown town
162,53,000,00000,73465,00000,University Place city
162,53,000,00000,73780,00000,Vader city
162,53,000,00000,74060,00000,Vancouver city
162,53,000,00000,75565,00000,Waitsburg city
162,53,000,00000,75775,00000,Walla Walla city
162,53,000,00000,76125,00000,Wapato city
162,53,000,00000,76160,00000,Warden city
162,53,000,00000,76405,00000,Washougal city
162,53,000,00000,76440,00000,Washtucna town
162,53,000,00000,76510,00000,Waterville town
162,53,000,00000,76720,00000,Waverly town
162,53,000,00000,77105,00000,Wenatchee city
162,53,000,00000,77630,00000,Westport city
162,53,000,00000,77665,00000,West Richland city
162,53,000,00000,78330,00000,White Salmon city
162,53,000,00000,78680,00000,Wilbur town
162,53,000,00000,78925,00000,Wilkeson town
162,53,000,00000,79135,00000,Wilson Creek town
162,53,000,00000,79275,00000,Winlock city
162,53,000,00000,79380,00000,Winthrop town
162,53,000,00000,79590,00000,Woodinville city
162,53,000,00000,79625,00000,Woodland city
162,53,000,00000,79835,00000,Woodway city
162,53,000,00000,79975,00000,Yacolt town
162,53,000,00000,80010,00000,Yakima city
162,53,000,00000,80150,00000,Yarrow Point town
162,53,000,00000,80220,00000,Yelm city
162,53,000,00000,80500,00000,Zillah city
040,56,000,00000,00000,00000,Wyoming
050,56,001,00000,00000,00000,Albany County
050,56,003,00000,00000,00000,Big Horn County
050,56,005,00000,00000,00000,Campbell County
050,56,007,00000,00000,00000,Carbon County
050,56,009,00000,00000,00000,Converse County
050,56,011,00000,00000,00000,Crook County
050,56,013,00000,00000,00000,Fremont County
050,56,015,00000,00000,00000,Goshen County
050,56,017,00000,00000,00000,Hot Springs County
050,56,019,00000,00000,00000,Johnson County
050,56,021,00000,00000,00000,Laramie County
050,56,023,00000,00000,00000,Lincoln County
050,56,025,00000,00000,00000,Natrona County
050,56,027,00000,00000,00000,Niobrara County
050,56,029,00000,00000,00000,Park County
050,56,031,00000,00000,00000,Platte County
050,56,033,00000,00000,00000,Sheridan County
050,56,035,00000,00000,00000,Sublette County
050,56,037,00000,00000,00000,Sweetwater County
050,56,039,00000,00000,00000,Teton County
050,56,041,00000,00000,00000,Uinta County
050,56,043,00000,00000,00000,Washakie County
050,56,045,00000,00000,00000,Weston County
162,56,000,00000,00245,00000,Afton town
162,56,000,00000,00825,00000,Albin town
162,56,000,00000,01695,00000,Alpine town
162,56,000,00000,04740,00000,Baggs town
162,56,000,00000,04885,00000,Bairoil town
162,56,000,00000,05245,00000,Bar Nunn town
162,56,000,00000,05320,00000,Basin town
162,56,000,00000,05625,00000,Bear River town
162,56,000,00000,07060,00000,Big Piney town
162,56,000,00000,10685,00000,Buffalo city
162,56,000,00000,11120,00000,Burlington town
162,56,000,00000,11265,00000,Burns town
162,56,000,00000,11700,00000,Byron town
162,56,000,00000,13150,00000,Casper city
162,56,000,00000,13900,00000,Cheyenne city
162,56,000,00000,14165,00000,Chugwater town
162,56,000,00000,15325,00000,Clearmont town
162,56,000,00000,15760,00000,Cody city
162,56,000,00000,15905,00000,Cokeville town
162,56,000,00000,17645,00000,Cowley town
162,56,000,00000,19385,00000,Dayton town
162,56,000,00000,19530,00000,Deaver town
162,56,000,00000,20110,00000,Diamondville town
162,56,000,00000,20690,00000,Dixon town
162,56,000,00000,21125,00000,Douglas city
162,56,000,00000,21415,00000,Dubois town
162,56,000,00000,22720,00000,East Thermopolis town
162,56,000,00000,23155,00000,Edgerton town
162,56,000,00000,24025,00000,Elk Mountain town
162,56,000,00000,24750,00000,Encampment town
162,56,000,00000,25620,00000,Evanston city
162,56,000,00000,25765,00000,Evansville town
162,56,000,00000,28230,00000,Fort Laramie town
162,56,000,00000,29825,00000,Frannie town
162,56,000,00000,31855,00000,Gillette city
162,56,000,00000,32290,00000,Glendo town
162,56,000,00000,32435,00000,Glenrock town
162,56,000,00000,32870,00000,Granger town
162,56,000,00000,33740,00000,Green River city
162,56,000,00000,33885,00000,Greybull town
162,56,000,00000,34320,00000,Guernsey town
162,56,000,00000,35335,00000,Hanna town
162,56,000,00000,35625,00000,Hartville town
162,56,000,00000,38960,00000,Hudson town
162,56,000,00000,39105,00000,Hulett town
162,56,000,00000,40120,00000,Jackson town
162,56,000,00000,41353,00000,Kaycee town
162,56,000,00000,42005,00000,Kemmerer city
162,56,000,00000,42730,00000,Kirby town
162,56,000,00000,43455,00000,La Barge town
162,56,000,00000,43745,00000,La Grange town
162,56,000,00000,44760,00000,Lander city
162,56,000,00000,45050,00000,Laramie city
162,56,000,00000,46790,00000,Lingle town
162,56,000,00000,47805,00000,Lost Springs town
162,56,000,00000,47950,00000,Lovell town
162,56,000,00000,48530,00000,Lusk town
162,56,000,00000,48675,00000,Lyman town
162,56,000,00000,49980,00000,Manderson town
162,56,000,00000,50270,00000,Manville town
162,56,000,00000,50415,00000,Marbleton town
162,56,000,00000,51575,00000,Medicine Bow town
162,56,000,00000,51720,00000,Meeteetse town
162,56,000,00000,52445,00000,Midwest town
162,56,000,00000,53460,00000,Mills town
162,56,000,00000,54185,00000,Moorcroft town
162,56,000,00000,55345,00000,Mountain View town
162,56,000,00000,56215,00000,Newcastle city
162,56,000,00000,57810,00000,Opal town
162,56,000,00000,60130,00000,Pavillion town
162,56,000,00000,61435,00000,Pine Bluffs town
162,56,000,00000,61580,00000,Pinedale town
162,56,000,00000,61610,00000,Pine Haven town
162,56,000,00000,62450,00000,Powell city
162,56,000,00000,63755,00000,Ranchester town
162,56,000,00000,63900,00000,Rawlins city
162,56,000,00000,66075,00000,Riverside town
162,56,000,00000,66220,00000,Riverton city
162,56,000,00000,67090,00000,Rock River town
162,56,000,00000,67235,00000,Rock Springs city
162,56,000,00000,67440,00000,Rolling Hills town
162,56,000,00000,68685,00000,Saratoga town
162,56,000,00000,69845,00000,Sheridan city
162,56,000,00000,70570,00000,Shoshoni town
162,56,000,00000,71150,00000,Sinclair town
162,56,000,00000,73180,00000,Star Valley Ranch town
162,56,000,00000,74195,00000,Sundance town
162,56,000,00000,74775,00000,Superior town
162,56,000,00000,75790,00000,Ten Sleep town
162,56,000,00000,76370,00000,Thayne town
162,56,000,00000,76515,00000,Thermopolis town
162,56,000,00000,77530,00000,Torrington city
162,56,000,00000,79125,00000,Upton town
162,56,000,00000,79705,00000,Van Tassell town
162,56,000,00000,81300,00000,Wamsutter town
162,56,000,00000,83040,00000,Wheatland town
162,56,000,00000,84925,00000,Worland city
162,56,000,00000,85015,00000,Wright town
162,56,000,00000,86665,00000,Yoder town
